customer_id,age,income,subscription_months,num_complaints,region,is_premium,has_family_plan,channel,monthly_spending
1,37.0,3784000.0,11,1.0,B,0,0,online,81.33
2,22.0,,28,2.0,D,0,1,online,65.31
3,39.0,3238000.0,35,3.0,C,0,0,online,102.21
4,41.0,9200000.0,5,6.0,B,0,0,online,38.12
5,41.0,8206000.0,9,0.0,A,1,0,online,150.49
6,46.0,4356000.0,10,1.0,A,0,0,online,119.14
7,43.0,7227000.0,19,3.0,A,1,0,online,147.35
8,40.0,4620000.0,32,1.0,D,1,0,offline,132.79
9,34.0,8098000.0,17,2.0,B,1,0,online,145.9
10,18.0,10351000.0,19,1.0,C,1,0,online,233.81
11,39.0,,2,1.0,A,0,0,online,45.41
12,37.0,6788000.0,36,1.0,D,1,1,offline,153.17
13,38.0,6600000.0,52,1.0,C,1,0,online,183.87
14,22.0,9678000.0,6,2.0,A,0,0,online,83.73
15,24.0,8533000.0,21,0.0,A,1,1,online,175.48
16,46.0,6120000.0,6,5.0,A,0,0,offline,75.7
17,35.0,7202000.0,17,2.0,A,1,0,online,200.42
18,42.0,5310000.0,17,1.0,B,0,0,online,142.93
19,35.0,9990000.0,8,0.0,B,1,0,online,185.93
20,35.0,8053000.0,22,2.0,A,1,0,offline,135.57
21,44.0,12053000.0,21,0.0,B,1,1,offline,242.74
22,30.0,7848000.0,13,,A,1,0,online,207.27
23,36.0,6229000.0,24,1.0,A,1,0,online,179.14
24,30.0,3516000.0,1,1.0,B,0,0,offline,125.51
25,31.0,2792000.0,28,0.0,B,1,0,online,94.38
26,32.0,3040000.0,19,2.0,C,0,0,offline,24.83
27,,,16,3.0,A,1,0,online,212.06
28,30.0,8572000.0,1,3.0,,0,0,online,28.6
29,48.0,3347000.0,23,1.0,B,0,0,offline,57.63
30,,10238000.0,45,0.0,A,1,0,offline,181.31
31,33.0,6092000.0,6,1.0,B,0,0,offline,21.9
32,31.0,8367000.0,3,2.0,A,0,1,online,138.15
33,49.0,12031000.0,16,2.0,A,1,0,offline,225.57
34,37.0,8742000.0,18,3.0,D,1,0,online,141.58
35,45.0,5829000.0,18,3.0,D,1,0,online,648.45
36,20.0,4772000.0,7,1.0,C,0,0,offline,124.63
37,38.0,2620000.0,17,,A,0,0,online,64.5
38,44.0,6202000.0,22,0.0,A,1,0,online,294.04
39,36.0,6472000.0,17,3.0,C,1,1,online,136.47
40,46.0,,28,1.0,B,1,1,offline,161.92
41,30.0,7672000.0,16,1.0,A,0,0,online,96.3
42,49.0,7492000.0,13,1.0,B,1,0,online,181.66
43,58.0,7438000.0,16,2.0,A,0,1,online,134.41
44,31.0,4875000.0,29,0.0,D,0,1,offline,115.59
45,31.0,8422000.0,12,1.0,A,1,1,offline,192.32
46,50.0,8105000.0,27,1.0,C,1,0,online,148.0
47,51.0,5274000.0,44,2.0,A,1,0,online,170.52
48,30.0,10827000.0,3,3.0,B,0,0,online,92.74
49,31.0,,15,,B,1,0,offline,131.9
50,32.0,8047000.0,19,3.0,A,1,0,online,208.22
51,22.0,8271000.0,23,1.0,D,0,0,offline,88.62
52,26.0,7583000.0,49,1.0,C,1,1,online,215.32
53,25.0,8883000.0,19,,D,0,0,offline,201.26
54,27.0,7218000.0,15,2.0,D,1,1,offline,135.36
55,35.0,5769000.0,18,2.0,B,0,0,online,37.6
56,37.0,7404000.0,4,1.0,D,0,0,offline,167.38
57,51.0,5141000.0,13,1.0,A,0,0,online,169.25
58,25.0,8271000.0,5,,A,1,0,online,197.88
59,45.0,7917000.0,2,0.0,A,0,0,online,227.38
60,33.0,7480000.0,17,2.0,A,0,0,offline,147.96
61,35.0,6979000.0,18,0.0,B,1,1,online,187.69
62,42.0,3295000.0,5,4.0,A,0,0,online,78.48
63,24.0,5628000.0,5,1.0,C,0,0,offline,137.45
64,39.0,7532000.0,27,4.0,,0,0,online,54.08
65,37.0,8400000.0,25,3.0,A,1,0,online,113.47
66,40.0,4731000.0,1,2.0,B,0,0,online,93.35
67,38.0,11164000.0,15,3.0,A,1,0,offline,149.47
68,60.0,4835000.0,7,3.0,C,0,0,online,20.0
69,29.0,10424000.0,38,1.0,A,1,0,online,151.43
70,30.0,7568000.0,20,1.0,D,1,0,online,130.95
71,29.0,5384000.0,10,2.0,C,0,0,online,75.55
72,29.0,12438000.0,22,2.0,A,1,0,offline,202.22
73,29.0,5016000.0,7,,A,0,0,offline,188.05
74,47.0,9298000.0,21,0.0,C,0,0,,117.99
75,49.0,9501000.0,27,2.0,C,1,0,offline,167.25
76,29.0,5323000.0,2,3.0,C,0,0,offline,20.0
77,27.0,10481000.0,6,5.0,C,0,1,offline,105.84
78,40.0,7375000.0,14,,A,0,0,online,580.36
79,29.0,8022000.0,47,2.0,B,1,1,offline,136.23
80,41.0,8651000.0,21,1.0,A,1,1,online,171.79
81,37.0,6164000.0,33,4.0,D,0,0,online,92.04
82,20.0,,17,2.0,B,0,0,online,94.57
83,50.0,9984000.0,6,2.0,A,0,0,online,125.86
84,53.0,3629000.0,10,0.0,A,0,1,online,157.61
85,29.0,,13,1.0,A,1,0,online,290.05
86,31.0,3844000.0,19,1.0,A,1,0,online,136.44
87,38.0,9581000.0,1,1.0,C,0,0,offline,183.07
88,38.0,10117000.0,18,1.0,B,1,1,offline,116.82
89,42.0,3773000.0,11,3.0,D,0,1,online,84.64
90,55.0,6273000.0,19,0.0,B,0,0,offline,95.41
91,33.0,5236000.0,4,3.0,,0,0,offline,55.71
92,27.0,6463000.0,12,1.0,C,1,0,offline,161.4
93,21.0,6230000.0,12,3.0,C,1,0,online,107.39
94,28.0,,15,2.0,B,0,1,online,193.98
95,35.0,10276000.0,32,1.0,C,1,0,offline,101.11
96,53.0,10789000.0,2,3.0,B,0,0,online,144.61
97,30.0,5895000.0,22,1.0,B,0,0,online,31.73
98,37.0,6777000.0,31,1.0,B,1,1,online,226.62
99,,3791000.0,14,1.0,A,0,0,online,103.45
100,47.0,5985000.0,21,1.0,A,0,0,online,110.83
101,60.0,10412000.0,32,1.0,A,1,1,online,230.14
102,,11339000.0,9,2.0,B,1,0,online,197.7
103,30.0,4914000.0,13,1.0,A,0,0,offline,47.67
104,45.0,5819000.0,11,1.0,B,0,0,offline,95.14
105,42.0,,15,2.0,,0,0,online,27.98
106,53.0,8700000.0,22,1.0,A,1,0,offline,187.04
107,41.0,5276000.0,32,0.0,B,0,1,,175.05
108,31.0,8060000.0,8,1.0,C,0,0,offline,103.72
109,,,7,5.0,A,0,0,offline,102.7
110,46.0,7964000.0,21,2.0,A,1,0,offline,133.04
111,43.0,9366000.0,26,0.0,A,1,0,offline,193.3
112,40.0,8016000.0,29,2.0,A,0,1,online,148.99
113,46.0,5409000.0,12,2.0,D,0,0,offline,51.11
114,47.0,6726000.0,35,5.0,C,0,0,online,35.42
115,,7079000.0,13,2.0,B,0,1,offline,105.54
116,41.0,5575000.0,12,2.0,D,0,0,offline,20.0
117,33.0,6353000.0,36,5.0,C,0,0,offline,20.0
118,36.0,11997000.0,38,4.0,,1,0,online,160.62
119,47.0,7902000.0,25,3.0,D,1,0,offline,155.69
120,27.0,6561000.0,31,2.0,B,0,1,online,147.53
121,39.0,8742000.0,7,4.0,C,0,1,online,52.26
122,31.0,5665000.0,31,0.0,D,0,0,offline,77.82
123,35.0,10933000.0,19,3.0,A,1,1,online,242.86
124,48.0,8924000.0,13,1.0,A,1,0,offline,155.68
125,37.0,7732000.0,10,1.0,,1,0,online,106.29
126,35.0,8419000.0,19,0.0,B,1,0,online,278.33
127,21.0,,6,2.0,C,0,0,offline,41.13
128,,3683000.0,14,1.0,D,1,0,offline,54.8
129,41.0,5015000.0,14,0.0,A,1,0,online,168.86
130,57.0,7657000.0,10,2.0,B,0,1,offline,123.64
131,32.0,11631000.0,19,0.0,B,1,0,online,131.46
132,37.0,13578000.0,18,3.0,A,1,0,online,205.02
133,37.0,9595000.0,12,2.0,A,0,0,online,175.43
134,51.0,9252000.0,26,2.0,A,1,0,offline,166.77
135,,2000000.0,24,4.0,D,0,0,offline,20.0
136,38.0,6643000.0,24,1.0,A,1,0,offline,180.85
137,41.0,5331000.0,16,0.0,B,1,1,online,208.97
138,37.0,5448000.0,30,1.0,C,1,0,offline,108.77
139,31.0,6880000.0,7,2.0,B,0,0,online,68.74
140,37.0,5320000.0,4,,D,0,0,offline,160.9
141,46.0,2000000.0,12,4.0,D,0,0,online,20.0
142,25.0,9870000.0,28,1.0,A,1,0,offline,141.62
143,,4618000.0,4,6.0,B,0,0,offline,36.17
144,28.0,8598000.0,8,1.0,A,1,0,online,201.23
145,47.0,13185000.0,4,1.0,A,0,0,online,186.25
146,20.0,5702000.0,19,,A,0,0,offline,20.0
147,29.0,,13,4.0,B,0,0,online,20.0
148,39.0,6585000.0,5,1.0,B,0,0,offline,147.27
149,51.0,10752000.0,29,1.0,A,1,1,online,249.21
150,34.0,12896000.0,18,5.0,A,1,0,online,122.09
151,29.0,,12,2.0,D,0,0,online,110.8
152,54.0,9242000.0,13,0.0,A,1,0,online,235.66
153,21.0,6837000.0,24,2.0,A,0,0,offline,99.33
154,18.0,7035000.0,7,2.0,B,0,0,online,135.54
155,39.0,13111000.0,21,0.0,D,1,0,offline,281.13
156,30.0,4243000.0,8,1.0,A,1,0,online,95.25
157,25.0,7634000.0,19,,C,1,1,online,195.96
158,42.0,8169000.0,5,1.0,C,0,0,online,189.64
159,37.0,10714000.0,17,0.0,A,1,0,,235.11
160,29.0,7245000.0,10,0.0,C,1,0,offline,111.49
161,22.0,8070000.0,28,1.0,B,1,1,online,211.53
162,44.0,6321000.0,7,2.0,B,0,0,online,152.25
163,42.0,7973000.0,18,0.0,B,0,1,online,111.99
164,34.0,6442000.0,31,0.0,B,1,0,online,167.87
165,53.0,9554000.0,22,0.0,A,0,0,online,143.9
166,24.0,6076000.0,14,3.0,C,0,0,offline,38.56
167,20.0,8943000.0,28,0.0,A,1,1,online,240.19
168,28.0,7927000.0,11,,A,1,0,online,158.63
169,35.0,10815000.0,29,0.0,A,0,1,online,227.64
170,37.0,7172000.0,2,2.0,B,0,0,offline,140.33
171,,2567000.0,12,4.0,C,0,0,online,20.0
172,39.0,11155000.0,24,,A,1,0,online,198.34
173,22.0,5036000.0,5,4.0,B,0,0,online,59.38
174,49.0,6366000.0,18,0.0,A,1,1,online,212.98
175,34.0,5811000.0,24,1.0,B,1,1,online,180.67
176,46.0,11436000.0,34,3.0,A,1,1,online,180.58
177,38.0,2000000.0,43,1.0,C,1,0,offline,182.69
178,40.0,15144000.0,18,,B,1,0,online,302.2
179,41.0,9140000.0,15,2.0,D,0,0,offline,119.16
180,39.0,8558000.0,35,4.0,A,0,1,online,176.31
181,41.0,7863000.0,9,2.0,A,1,0,online,167.36
182,48.0,8714000.0,12,1.0,A,0,1,online,207.24
183,37.0,7803000.0,21,4.0,D,0,0,online,20.0
184,42.0,8113000.0,29,0.0,D,1,0,offline,158.36
185,34.0,9389000.0,41,3.0,A,1,1,online,187.91
186,49.0,7224000.0,15,1.0,C,0,0,online,105.74
187,28.0,6507000.0,1,1.0,C,0,0,offline,129.57
188,53.0,6922000.0,7,5.0,B,0,0,offline,63.97
189,35.0,6813000.0,5,2.0,B,0,0,online,76.87
190,21.0,10834000.0,10,4.0,A,1,0,offline,98.21
191,36.0,9484000.0,33,3.0,A,1,0,online,174.34
192,28.0,2000000.0,6,2.0,D,0,1,online,100.89
193,43.0,,26,0.0,D,0,1,online,108.96
194,28.0,7787000.0,11,2.0,B,1,0,online,58.96
195,31.0,7953000.0,22,2.0,A,1,0,online,272.41
196,18.0,7029000.0,4,2.0,A,0,1,online,152.22
197,30.0,9810000.0,13,1.0,C,1,0,offline,147.54
198,18.0,8869000.0,12,0.0,D,1,0,offline,216.43
199,19.0,4568000.0,38,1.0,D,0,0,offline,89.43
200,43.0,8018000.0,30,0.0,C,1,0,online,228.37
201,43.0,4871000.0,18,2.0,B,1,0,online,187.6
202,39.0,4551000.0,12,0.0,A,0,1,online,84.05
203,25.0,6433000.0,42,4.0,A,1,0,offline,168.57
204,35.0,8656000.0,5,1.0,D,0,0,,171.56
205,35.0,9683000.0,11,1.0,B,1,0,online,127.39
206,23.0,9283000.0,17,0.0,A,1,0,,150.6
207,50.0,,42,2.0,A,1,0,online,159.44
208,44.0,8290000.0,17,0.0,C,1,1,online,232.72
209,33.0,6396000.0,10,1.0,A,0,0,online,127.77
210,35.0,9080000.0,40,5.0,A,1,0,online,75.39
211,37.0,9301000.0,6,0.0,B,0,1,offline,170.74
212,,8886000.0,12,3.0,C,1,1,online,484.94
213,33.0,9972000.0,18,1.0,C,0,1,online,146.65
214,28.0,9771000.0,25,3.0,A,0,0,offline,88.61
215,25.0,7879000.0,7,3.0,C,0,0,online,96.96
216,32.0,10675000.0,68,1.0,A,1,0,online,274.82
217,53.0,7934000.0,19,0.0,A,0,0,online,112.01
218,41.0,4795000.0,6,7.0,C,1,0,online,20.0
219,29.0,6892000.0,68,2.0,B,1,0,online,163.53
220,41.0,5138000.0,24,1.0,C,1,1,offline,193.35
221,49.0,5312000.0,9,2.0,C,0,1,online,83.35
222,44.0,,13,3.0,B,0,1,online,52.53
223,36.0,6019000.0,10,0.0,A,0,0,online,155.49
224,29.0,6530000.0,7,0.0,B,1,0,,218.94
225,42.0,3266000.0,14,1.0,A,1,0,offline,134.94
226,39.0,8533000.0,17,1.0,A,1,0,offline,309.56
227,44.0,6503000.0,24,1.0,D,0,0,online,79.87
228,41.0,5257000.0,14,0.0,B,0,0,offline,106.65
229,45.0,8148000.0,72,3.0,D,0,0,online,80.87
230,30.0,9644000.0,17,0.0,B,1,1,offline,236.05
231,48.0,2981000.0,6,2.0,C,0,0,online,20.0
232,37.0,5393000.0,8,2.0,B,1,0,offline,125.48
233,56.0,5377000.0,16,1.0,B,1,0,offline,344.0
234,28.0,4950000.0,3,3.0,B,0,0,online,96.64
235,52.0,10074000.0,23,5.0,A,0,0,online,113.71
236,37.0,6515000.0,34,,C,1,0,offline,385.83
237,28.0,7339000.0,57,0.0,A,1,0,offline,163.68
238,30.0,,6,,,0,0,online,88.59
239,32.0,8889000.0,37,1.0,B,1,0,offline,165.52
240,39.0,4902000.0,14,2.0,A,1,0,online,103.13
241,40.0,6650000.0,1,1.0,D,0,0,online,88.65
242,29.0,,43,1.0,,1,1,online,202.82
243,35.0,9902000.0,21,3.0,D,1,0,online,129.84
244,56.0,4028000.0,5,1.0,B,0,0,offline,118.13
245,52.0,2000000.0,12,0.0,A,0,0,online,104.08
246,39.0,6960000.0,14,2.0,D,0,1,offline,49.91
247,35.0,11801000.0,30,,B,1,1,online,272.17
248,,9597000.0,20,0.0,D,1,0,online,203.69
249,41.0,7024000.0,68,1.0,D,1,0,online,215.24
250,25.0,5271000.0,2,4.0,D,0,1,online,92.77
251,32.0,10018000.0,12,,,1,0,online,83.26
252,18.0,4866000.0,11,2.0,B,0,0,online,131.26
253,39.0,7691000.0,10,0.0,D,1,0,offline,146.52
254,,9264000.0,19,0.0,A,1,1,online,242.08
255,30.0,10651000.0,24,1.0,A,1,1,online,254.98
256,51.0,14199000.0,28,,B,0,0,online,249.43
257,23.0,7481000.0,33,3.0,D,0,0,offline,59.33
258,20.0,5728000.0,27,0.0,C,1,0,offline,121.01
259,37.0,,31,2.0,B,1,0,online,118.88
260,45.0,3577000.0,14,1.0,A,0,1,online,78.17
261,52.0,5563000.0,32,2.0,B,0,0,online,52.61
262,30.0,5477000.0,10,,D,0,0,offline,20.0
263,46.0,6690000.0,14,0.0,A,1,0,online,192.91
264,35.0,7681000.0,10,2.0,B,0,0,online,192.06
265,33.0,4444000.0,7,3.0,D,0,0,online,142.85
266,44.0,9803000.0,7,3.0,C,0,0,online,57.36
267,42.0,7001000.0,41,1.0,C,0,0,online,100.86
268,19.0,,11,0.0,C,1,0,offline,199.54
269,50.0,6480000.0,16,3.0,B,1,0,online,152.82
270,49.0,8388000.0,21,4.0,A,1,0,online,160.77
271,29.0,9063000.0,7,0.0,C,1,0,online,150.69
272,39.0,4832000.0,4,1.0,C,0,1,online,157.69
273,,4855000.0,7,3.0,D,0,1,,30.37
274,38.0,5741000.0,17,1.0,D,1,1,online,181.17
275,29.0,3935000.0,7,,,0,0,offline,101.24
276,28.0,5252000.0,21,2.0,B,0,1,online,123.07
277,35.0,5809000.0,16,1.0,C,0,0,online,124.62
278,47.0,9486000.0,14,2.0,B,0,0,offline,115.06
279,40.0,7656000.0,18,2.0,C,1,0,online,116.35
280,31.0,7484000.0,5,0.0,C,0,0,offline,103.29
281,43.0,8627000.0,20,3.0,D,0,0,online,20.0
282,18.0,7657000.0,6,3.0,A,0,0,offline,126.6
283,46.0,8276000.0,5,3.0,B,0,0,online,134.14
284,18.0,7742000.0,26,1.0,A,1,0,online,150.38
285,31.0,7963000.0,12,0.0,B,1,0,offline,123.79
286,24.0,6543000.0,3,1.0,A,0,0,offline,78.98
287,22.0,2000000.0,6,2.0,B,0,0,offline,49.76
288,47.0,,39,3.0,B,0,1,offline,140.58
289,30.0,11557000.0,29,0.0,A,0,1,offline,271.95
290,38.0,9616000.0,23,1.0,B,1,0,online,246.16
291,35.0,10413000.0,8,5.0,A,0,0,online,145.32
292,40.0,11090000.0,11,3.0,A,1,0,online,183.34
293,36.0,7222000.0,50,0.0,C,0,1,online,117.75
294,22.0,7793000.0,43,4.0,B,0,0,online,180.83
295,,,4,2.0,A,0,0,online,91.68
296,30.0,,20,2.0,B,0,0,online,112.49
297,19.0,8539000.0,1,1.0,C,0,0,offline,123.88
298,31.0,11010000.0,12,,A,1,0,online,180.66
299,50.0,6951000.0,30,0.0,B,1,1,online,254.41
300,44.0,6875000.0,6,1.0,A,0,0,online,136.65
301,32.0,8001000.0,37,1.0,A,0,0,offline,182.7
302,32.0,8803000.0,17,2.0,B,1,1,offline,205.63
303,32.0,3690000.0,20,0.0,B,1,1,online,170.29
304,56.0,2000000.0,37,2.0,B,0,0,online,79.54
305,39.0,5624000.0,40,1.0,C,1,0,offline,139.78
306,39.0,3448000.0,6,2.0,D,0,0,,20.0
307,45.0,6030000.0,16,1.0,,1,1,online,133.04
308,37.0,7631000.0,24,0.0,A,1,0,online,220.19
309,32.0,5867000.0,14,2.0,C,1,1,online,97.95
310,33.0,11631000.0,49,1.0,A,1,0,online,204.93
311,34.0,8117000.0,46,2.0,,1,0,offline,120.68
312,35.0,8751000.0,12,1.0,A,1,0,offline,153.36
313,42.0,9556000.0,11,2.0,,1,0,online,168.39
314,36.0,3653000.0,1,1.0,D,0,0,online,40.72
315,42.0,9598000.0,35,1.0,C,0,0,online,64.71
316,34.0,6811000.0,1,2.0,C,0,0,online,70.33
317,36.0,8976000.0,18,2.0,B,1,1,offline,144.26
318,18.0,,14,2.0,A,1,0,online,116.8
319,44.0,4116000.0,18,2.0,A,0,0,offline,121.99
320,38.0,10045000.0,13,1.0,,1,0,online,232.26
321,45.0,,14,2.0,B,1,0,offline,90.35
322,18.0,4745000.0,41,,C,1,0,online,221.19
323,56.0,4826000.0,40,1.0,C,1,0,offline,113.64
324,34.0,10814000.0,24,2.0,A,0,1,online,150.6
325,,3526000.0,4,1.0,D,0,0,offline,20.0
326,25.0,11107000.0,8,3.0,C,0,0,online,108.62
327,41.0,5048000.0,17,4.0,B,0,0,online,158.23
328,24.0,8896000.0,13,1.0,B,1,0,offline,93.37
329,29.0,6478000.0,28,0.0,B,0,0,offline,24.83
330,54.0,,32,1.0,A,1,1,offline,234.1
331,,5940000.0,6,0.0,B,0,1,online,160.8
332,37.0,6593000.0,27,0.0,C,0,0,offline,108.02
333,44.0,8102000.0,48,2.0,A,1,0,online,213.86
334,40.0,5495000.0,3,,A,0,0,online,53.1
335,37.0,9852000.0,21,1.0,A,1,0,online,150.18
336,39.0,6717000.0,6,3.0,A,0,0,online,102.56
337,59.0,5929000.0,16,1.0,D,1,0,online,209.34
338,34.0,4514000.0,3,,C,0,0,online,105.89
339,37.0,2000000.0,12,4.0,B,0,0,online,70.52
340,46.0,7522000.0,42,3.0,A,0,0,offline,71.3
341,46.0,13332000.0,22,2.0,B,1,0,online,216.41
342,47.0,9262000.0,15,0.0,B,1,0,online,127.41
343,41.0,,12,2.0,A,0,0,online,198.39
344,24.0,,8,2.0,B,0,1,online,78.13
345,51.0,7356000.0,24,5.0,B,0,0,online,45.73
346,24.0,8668000.0,17,4.0,B,1,0,online,75.09
347,38.0,4348000.0,17,1.0,B,1,0,online,139.84
348,27.0,10786000.0,15,0.0,A,1,1,online,237.1
349,34.0,,26,0.0,B,1,0,online,1089.93
350,,9095000.0,18,3.0,B,1,0,offline,184.13
351,38.0,8396000.0,29,3.0,B,1,0,online,120.08
352,39.0,6549000.0,6,2.0,D,0,0,online,114.02
353,51.0,8682000.0,18,2.0,C,1,1,offline,117.25
354,40.0,9480000.0,12,2.0,A,0,0,online,97.97
355,33.0,,45,4.0,A,1,1,online,195.41
356,45.0,5866000.0,37,3.0,B,0,1,offline,70.48
357,47.0,8255000.0,18,4.0,A,1,1,online,229.91
358,23.0,11173000.0,4,2.0,B,0,0,online,227.76
359,41.0,3402000.0,3,3.0,D,0,0,online,27.06
360,42.0,3631000.0,7,0.0,B,0,0,online,59.11
361,32.0,7712000.0,11,2.0,B,0,0,online,97.61
362,49.0,7427000.0,43,1.0,B,1,0,online,149.85
363,33.0,7733000.0,35,4.0,B,1,0,online,157.13
364,36.0,7910000.0,18,0.0,B,1,0,online,112.8
365,33.0,5942000.0,6,6.0,D,0,0,online,48.5
366,35.0,11025000.0,44,1.0,B,1,1,online,318.83
367,24.0,2498000.0,28,1.0,D,1,0,online,21.72
368,21.0,4429000.0,5,0.0,D,0,1,online,53.66
369,51.0,7742000.0,8,0.0,A,0,0,online,112.84
370,27.0,3892000.0,15,0.0,A,0,1,offline,157.67
371,25.0,7560000.0,1,4.0,,0,0,online,131.37
372,18.0,12154000.0,12,1.0,A,1,0,online,240.92
373,29.0,8052000.0,17,2.0,A,1,1,online,121.74
374,22.0,7577000.0,15,2.0,C,0,0,online,62.48
375,51.0,4850000.0,20,,A,0,1,offline,102.98
376,45.0,6459000.0,10,0.0,A,1,0,online,166.61
377,28.0,6062000.0,6,2.0,C,0,0,offline,71.89
378,58.0,,25,2.0,A,0,0,online,59.43
379,45.0,10204000.0,38,0.0,C,1,0,offline,164.93
380,32.0,9394000.0,16,1.0,A,1,0,online,212.34
381,18.0,,5,1.0,A,0,0,offline,69.89
382,58.0,7616000.0,63,,C,1,0,offline,171.54
383,21.0,8546000.0,1,3.0,B,0,0,online,171.05
384,19.0,9350000.0,12,2.0,D,1,1,online,264.07
385,45.0,10951000.0,19,3.0,C,1,1,online,89.58
386,59.0,4462000.0,10,2.0,C,0,0,offline,66.59
387,49.0,5973000.0,22,0.0,A,1,0,online,304.48
388,,4856000.0,40,1.0,A,1,0,online,188.37
389,41.0,6415000.0,18,7.0,C,0,0,offline,36.74
390,44.0,8166000.0,10,1.0,C,0,1,online,192.38
391,43.0,8968000.0,47,2.0,D,1,1,offline,198.03
392,38.0,7110000.0,9,2.0,B,1,0,offline,169.73
393,36.0,6500000.0,9,0.0,B,0,1,online,131.74
394,34.0,7379000.0,19,1.0,C,1,0,,152.09
395,27.0,5912000.0,19,5.0,A,0,1,online,130.05
396,32.0,11724000.0,8,0.0,D,1,0,online,216.76
397,18.0,2481000.0,7,2.0,D,0,0,online,25.38
398,34.0,7762000.0,13,4.0,B,0,0,online,66.36
399,25.0,,20,1.0,C,1,0,offline,91.91
400,24.0,7017000.0,20,1.0,C,1,0,offline,123.41
401,37.0,7525000.0,19,1.0,A,1,1,online,247.03
402,49.0,5606000.0,4,4.0,D,0,0,online,302.45
403,44.0,6849000.0,10,2.0,B,0,0,offline,46.51
404,19.0,10432000.0,2,0.0,C,0,0,online,38.77
405,25.0,,34,2.0,A,0,0,,84.52
406,44.0,10334000.0,14,2.0,D,0,0,online,149.47
407,25.0,3740000.0,1,2.0,B,0,0,offline,41.1
408,33.0,7333000.0,24,3.0,A,1,0,online,92.62
409,41.0,5427000.0,19,2.0,,0,0,offline,42.57
410,25.0,9471000.0,9,1.0,A,1,0,offline,192.2
411,36.0,4005000.0,17,2.0,A,0,0,online,148.14
412,22.0,,31,0.0,D,0,1,online,134.65
413,29.0,11561000.0,15,1.0,D,1,0,offline,214.33
414,38.0,3892000.0,9,0.0,B,1,0,online,179.16
415,19.0,7774000.0,16,6.0,B,0,0,offline,20.0
416,39.0,5645000.0,14,2.0,B,0,0,offline,141.02
417,35.0,9065000.0,5,3.0,A,1,0,online,172.32
418,41.0,8048000.0,9,2.0,A,1,0,offline,103.55
419,37.0,5396000.0,30,1.0,C,0,0,offline,168.71
420,49.0,8220000.0,7,2.0,C,0,0,offline,82.2
421,36.0,11511000.0,24,1.0,C,1,0,online,94.52
422,31.0,6523000.0,15,0.0,C,0,1,online,101.23
423,36.0,9799000.0,17,,A,0,1,online,122.94
424,40.0,4067000.0,7,2.0,B,0,0,online,43.02
425,35.0,5609000.0,21,6.0,A,0,0,online,50.63
426,35.0,8481000.0,12,0.0,B,1,1,offline,186.42
427,28.0,11010000.0,20,1.0,B,1,1,online,204.62
428,28.0,7389000.0,12,2.0,D,0,0,offline,75.23
429,,6517000.0,22,1.0,B,1,0,online,181.73
430,52.0,7998000.0,41,2.0,A,0,0,offline,98.0
431,23.0,4874000.0,12,,A,0,0,online,157.9
432,28.0,8511000.0,10,3.0,C,0,0,online,32.7
433,28.0,9506000.0,44,3.0,B,1,0,online,200.81
434,44.0,6870000.0,18,3.0,A,0,0,offline,174.27
435,32.0,6825000.0,14,1.0,A,1,0,online,157.75
436,47.0,7665000.0,10,3.0,C,0,1,online,120.25
437,28.0,6908000.0,25,1.0,A,0,0,offline,79.25
438,38.0,6835000.0,7,2.0,C,0,0,offline,54.43
439,27.0,12249000.0,19,2.0,,0,0,offline,195.82
440,56.0,7382000.0,9,2.0,A,0,0,online,146.45
441,23.0,7104000.0,6,,A,0,1,online,139.75
442,38.0,4881000.0,12,1.0,D,0,0,offline,20.0
443,41.0,9160000.0,4,2.0,B,0,0,online,77.86
444,39.0,6847000.0,20,0.0,B,1,0,offline,238.81
445,33.0,5377000.0,10,,C,0,0,online,91.81
446,34.0,,8,3.0,D,0,1,online,145.47
447,35.0,10049000.0,28,2.0,D,1,0,online,167.12
448,34.0,5499000.0,24,0.0,C,0,0,online,73.06
449,45.0,2634000.0,15,1.0,B,0,0,online,91.72
450,57.0,10519000.0,14,0.0,A,1,0,online,133.57
451,29.0,,3,1.0,,0,1,offline,30.24
452,21.0,9277000.0,20,3.0,B,1,1,online,153.81
453,34.0,2375000.0,39,1.0,B,1,0,online,143.25
454,61.0,8731000.0,38,0.0,D,1,0,offline,98.03
455,27.0,4972000.0,28,3.0,A,0,1,online,474.35
456,51.0,9127000.0,18,2.0,B,1,1,online,148.78
457,52.0,8036000.0,22,1.0,A,1,0,,136.0
458,29.0,4915000.0,11,1.0,B,1,0,online,195.06
459,41.0,,5,0.0,A,0,0,offline,122.05
460,51.0,9716000.0,7,1.0,A,0,1,offline,122.44
461,31.0,8265000.0,42,1.0,A,1,0,offline,197.01
462,33.0,8761000.0,13,1.0,B,1,0,online,100.5
463,29.0,,18,1.0,C,1,1,online,228.85
464,25.0,3389000.0,5,0.0,B,0,0,online,135.25
465,29.0,10543000.0,39,0.0,D,1,0,online,217.64
466,23.0,7561000.0,11,2.0,B,0,0,offline,194.4
467,35.0,5753000.0,13,0.0,A,0,0,online,33.72
468,27.0,3174000.0,30,1.0,D,0,0,online,78.52
469,37.0,7527000.0,16,4.0,A,1,0,offline,79.76
470,19.0,8804000.0,19,1.0,D,1,0,offline,140.83
471,38.0,7681000.0,1,3.0,A,0,0,online,101.28
472,43.0,10278000.0,19,0.0,D,1,1,online,306.38
473,18.0,4372000.0,30,2.0,,1,0,offline,140.4
474,39.0,6470000.0,17,0.0,D,0,0,online,95.19
475,47.0,4169000.0,5,1.0,B,0,0,offline,319.98
476,23.0,7409000.0,18,1.0,D,1,0,online,140.17
477,52.0,10217000.0,23,2.0,A,1,0,offline,265.06
478,39.0,6248000.0,1,1.0,B,0,0,offline,120.6
479,28.0,2000000.0,1,1.0,D,0,0,online,83.88
480,,7797000.0,9,1.0,B,1,0,online,72.93
481,41.0,8392000.0,10,0.0,B,0,0,online,215.27
482,36.0,8011000.0,29,2.0,C,1,0,offline,115.23
483,40.0,10389000.0,4,2.0,B,0,0,online,118.88
484,26.0,4622000.0,4,2.0,B,0,0,online,46.7
485,37.0,9001000.0,15,0.0,B,1,0,online,132.56
486,21.0,9481000.0,29,1.0,D,0,0,online,65.41
487,34.0,,13,1.0,A,0,1,online,130.18
488,26.0,8799000.0,13,0.0,A,1,1,online,130.36
489,28.0,5240000.0,3,4.0,D,0,0,offline,29.17
490,47.0,6296000.0,12,2.0,D,0,0,offline,119.02
491,46.0,8169000.0,16,3.0,B,1,0,online,174.47
492,41.0,6082000.0,27,2.0,B,1,0,,165.54
493,24.0,6311000.0,47,2.0,A,1,0,offline,127.71
494,32.0,8085000.0,31,2.0,A,1,1,offline,130.36
495,47.0,4582000.0,10,1.0,B,0,0,offline,130.24
496,36.0,4585000.0,14,3.0,B,0,1,online,82.67
497,58.0,8998000.0,8,1.0,B,0,0,online,116.55
498,39.0,5128000.0,53,0.0,A,0,0,online,131.37
499,37.0,8166000.0,10,3.0,D,1,0,offline,150.6
500,32.0,7656000.0,2,,D,0,0,online,154.57
501,36.0,2685000.0,10,3.0,C,0,0,online,109.95
502,33.0,5606000.0,7,1.0,B,0,0,online,20.0
503,42.0,10985000.0,23,1.0,A,1,0,online,188.54
504,45.0,4547000.0,16,3.0,C,0,1,offline,26.2
505,27.0,5839000.0,5,3.0,C,0,0,online,107.02
506,22.0,9155000.0,33,1.0,A,1,1,online,225.17
507,,8458000.0,2,0.0,D,0,1,offline,156.93
508,40.0,6371000.0,23,1.0,C,1,1,offline,150.22
509,24.0,5006000.0,8,3.0,D,0,0,offline,20.0
510,18.0,,16,3.0,C,0,0,offline,62.7
511,39.0,11647000.0,30,1.0,B,1,1,offline,154.85
512,60.0,9747000.0,18,,B,1,0,online,129.22
513,35.0,6713000.0,9,1.0,D,0,0,online,20.41
514,43.0,4479000.0,2,1.0,D,0,0,offline,20.0
515,36.0,5924000.0,38,2.0,A,1,0,online,115.46
516,34.0,9306000.0,10,6.0,A,0,0,online,109.53
517,44.0,8346000.0,24,1.0,B,1,0,online,186.2
518,32.0,,9,0.0,C,1,0,offline,186.96
519,38.0,8126000.0,8,3.0,D,0,1,online,161.67
520,38.0,4242000.0,14,0.0,A,1,0,online,151.83
521,28.0,9930000.0,38,1.0,B,1,1,online,185.75
522,45.0,4805000.0,22,1.0,B,1,0,offline,236.97
523,33.0,5540000.0,34,2.0,D,0,1,online,154.91
524,27.0,7626000.0,10,1.0,C,0,0,online,106.05
525,40.0,11989000.0,13,3.0,C,0,1,online,149.53
526,26.0,15075000.0,8,1.0,B,1,0,online,223.98
527,35.0,8817000.0,35,1.0,B,1,1,,201.59
528,35.0,7542000.0,10,0.0,A,1,0,online,183.44
529,46.0,9336000.0,36,,A,0,1,online,187.31
530,40.0,8719000.0,35,2.0,D,0,1,online,105.91
531,35.0,6198000.0,36,1.0,C,0,0,offline,25.55
532,43.0,10988000.0,12,,D,1,0,offline,58.33
533,49.0,7075000.0,17,3.0,D,0,1,offline,141.32
534,41.0,8544000.0,30,1.0,B,1,0,online,104.15
535,35.0,8665000.0,19,0.0,C,1,1,offline,212.63
536,22.0,7554000.0,16,1.0,D,1,0,,90.47
537,24.0,9097000.0,8,3.0,C,1,0,,84.89
538,32.0,6457000.0,23,2.0,A,1,1,online,157.28
539,29.0,5904000.0,4,1.0,B,0,0,offline,98.42
540,33.0,5250000.0,2,1.0,A,0,1,online,73.6
541,36.0,7599000.0,12,1.0,D,1,0,offline,107.55
542,40.0,9247000.0,16,,B,1,0,offline,156.96
543,,,23,3.0,A,1,0,online,116.15
544,40.0,11186000.0,18,1.0,C,1,0,online,240.15
545,36.0,7286000.0,9,0.0,B,0,0,offline,34.53
546,18.0,8972000.0,6,2.0,B,1,0,online,145.13
547,26.0,5271000.0,11,3.0,A,0,0,online,146.39
548,34.0,6032000.0,17,3.0,C,0,0,online,20.0
549,23.0,9039000.0,23,0.0,B,1,1,,209.03
550,41.0,9123000.0,24,0.0,C,1,0,online,179.04
551,50.0,6565000.0,12,2.0,B,0,0,online,207.68
552,47.0,6321000.0,31,4.0,D,1,0,online,111.83
553,33.0,3505000.0,4,1.0,B,0,0,offline,96.95
554,50.0,6407000.0,18,3.0,B,0,1,online,97.94
555,36.0,8726000.0,25,3.0,D,1,0,online,173.09
556,32.0,8738000.0,12,3.0,B,1,0,online,165.53
557,29.0,9252000.0,13,,A,0,0,offline,97.96
558,32.0,,19,1.0,A,1,0,online,229.26
559,31.0,7018000.0,21,4.0,C,1,1,offline,111.23
560,37.0,5649000.0,1,2.0,B,0,0,online,120.48
561,37.0,8747000.0,12,2.0,C,1,0,online,112.39
562,35.0,9052000.0,28,,A,0,0,online,113.47
563,39.0,,27,0.0,A,1,0,,188.38
564,47.0,6685000.0,9,1.0,A,0,1,online,161.83
565,44.0,,12,2.0,B,0,0,online,20.0
566,20.0,10043000.0,12,0.0,B,0,0,online,160.13
567,18.0,6103000.0,18,2.0,B,0,0,offline,85.96
568,44.0,,16,4.0,B,1,0,online,127.19
569,21.0,,8,4.0,D,0,0,online,93.16
570,33.0,7020000.0,30,1.0,A,0,0,online,149.37
571,23.0,9950000.0,6,3.0,B,1,0,online,62.95
572,18.0,8543000.0,2,1.0,C,0,0,offline,48.52
573,40.0,9009000.0,49,3.0,B,1,0,online,187.43
574,43.0,3885000.0,20,1.0,B,1,0,online,143.32
575,29.0,9530000.0,17,4.0,D,1,0,online,95.31
576,18.0,7153000.0,1,2.0,D,0,0,online,109.44
577,30.0,7077000.0,5,0.0,A,1,1,online,189.62
578,39.0,6858000.0,6,2.0,D,0,0,online,116.9
579,,2859000.0,30,2.0,B,0,1,offline,158.08
580,37.0,9022000.0,8,1.0,A,0,0,offline,140.99
581,35.0,4727000.0,23,0.0,B,1,0,offline,171.48
582,41.0,3118000.0,35,1.0,D,0,0,offline,43.01
583,36.0,3494000.0,19,1.0,B,1,0,online,170.95
584,25.0,10782000.0,11,0.0,A,1,0,offline,207.39
585,47.0,5727000.0,11,0.0,B,0,0,online,93.29
586,33.0,,37,0.0,A,1,0,online,171.48
587,35.0,6660000.0,26,0.0,A,0,1,online,143.86
588,26.0,3732000.0,6,1.0,A,1,0,online,87.72
589,31.0,5209000.0,16,4.0,A,0,0,offline,111.93
590,26.0,11090000.0,20,2.0,A,1,0,online,247.29
591,,7610000.0,42,2.0,A,1,0,online,220.93
592,52.0,5929000.0,10,3.0,B,0,0,offline,187.34
593,21.0,8400000.0,15,1.0,A,1,0,online,157.43
594,19.0,9254000.0,33,0.0,A,0,1,online,216.25
595,50.0,9293000.0,12,1.0,D,0,1,offline,79.81
596,33.0,10921000.0,11,0.0,B,0,0,online,136.63
597,28.0,6101000.0,1,2.0,C,0,0,offline,20.0
598,45.0,4685000.0,9,0.0,A,0,1,online,166.16
599,29.0,6966000.0,14,0.0,A,1,0,online,159.79
600,53.0,8651000.0,39,4.0,A,1,0,offline,70.21
601,42.0,5591000.0,1,5.0,A,0,0,online,36.7
602,30.0,,15,3.0,A,1,0,online,219.89
603,57.0,8859000.0,27,0.0,A,1,0,online,216.39
604,29.0,7878000.0,9,1.0,A,1,0,online,205.19
605,42.0,8082000.0,14,0.0,A,1,0,offline,184.8
606,38.0,5404000.0,15,,B,0,0,online,89.36
607,48.0,7424000.0,42,1.0,A,1,1,online,218.25
608,,4989000.0,26,2.0,B,1,0,online,148.33
609,35.0,9525000.0,22,0.0,B,1,0,online,137.51
610,27.0,9588000.0,5,2.0,C,0,0,offline,131.25
611,40.0,3385000.0,38,2.0,A,0,0,online,150.67
612,28.0,4676000.0,1,2.0,C,0,0,online,53.83
613,55.0,3559000.0,22,4.0,B,0,0,online,37.35
614,36.0,6375000.0,6,2.0,A,0,1,offline,95.06
615,31.0,6291000.0,45,1.0,D,1,1,online,260.07
616,37.0,2876000.0,20,0.0,D,0,0,offline,48.22
617,22.0,5695000.0,19,1.0,A,0,0,online,416.2
618,25.0,5490000.0,7,1.0,A,0,0,offline,92.84
619,47.0,7518000.0,15,3.0,C,0,1,offline,97.51
620,28.0,7173000.0,21,2.0,C,0,1,online,89.11
621,25.0,6196000.0,25,2.0,A,1,0,online,115.05
622,40.0,8442000.0,16,1.0,A,1,0,online,212.37
623,47.0,5933000.0,43,2.0,B,0,0,offline,59.62
624,42.0,6621000.0,31,0.0,B,0,0,offline,141.07
625,45.0,11484000.0,19,2.0,B,1,0,online,185.79
626,27.0,10651000.0,28,1.0,B,1,0,online,223.83
627,21.0,4051000.0,9,2.0,B,0,0,online,47.33
628,50.0,9074000.0,20,0.0,C,0,1,offline,198.78
629,32.0,10028000.0,18,1.0,A,1,1,online,215.95
630,32.0,5129000.0,15,1.0,,1,0,online,270.25
631,48.0,9047000.0,34,1.0,C,1,0,offline,91.95
632,41.0,10345000.0,15,3.0,D,1,0,online,254.04
633,40.0,4494000.0,14,1.0,B,0,0,online,303.98
634,57.0,,23,3.0,B,0,0,online,91.37
635,29.0,10544000.0,21,0.0,A,1,0,online,179.7
636,44.0,7979000.0,8,0.0,B,1,0,offline,91.12
637,36.0,8679000.0,34,0.0,B,1,0,online,164.05
638,38.0,8851000.0,4,0.0,A,0,0,online,122.33
639,50.0,8977000.0,15,3.0,A,1,0,online,172.7
640,40.0,3984000.0,6,4.0,B,0,0,offline,99.93
641,40.0,10618000.0,17,2.0,A,1,0,online,195.59
642,46.0,10924000.0,38,1.0,A,1,1,online,250.7
643,31.0,7427000.0,19,2.0,A,1,0,online,181.59
644,27.0,7891000.0,17,0.0,A,0,0,online,60.41
645,,4172000.0,11,,A,0,1,online,63.14
646,18.0,7786000.0,12,0.0,D,0,1,offline,63.3
647,56.0,8730000.0,68,0.0,B,1,0,offline,187.16
648,24.0,6845000.0,23,0.0,C,0,1,online,56.04
649,33.0,9811000.0,11,0.0,C,1,0,offline,134.25
650,32.0,6465000.0,5,2.0,B,0,0,offline,23.91
651,38.0,,17,0.0,A,1,0,online,217.9
652,43.0,4751000.0,7,3.0,B,0,0,offline,84.53
653,44.0,7241000.0,15,6.0,B,0,0,online,52.78
654,29.0,6564000.0,30,,C,1,0,,58.03
655,33.0,7863000.0,10,1.0,B,1,0,offline,142.4
656,38.0,7076000.0,30,1.0,A,0,0,offline,141.86
657,33.0,7671000.0,6,2.0,A,0,0,online,149.62
658,51.0,9365000.0,23,1.0,B,1,0,online,256.17
659,40.0,6208000.0,6,1.0,B,0,0,offline,143.49
660,42.0,3284000.0,14,1.0,B,0,0,online,88.44
661,42.0,11674000.0,28,2.0,B,1,1,online,205.97
662,47.0,9954000.0,26,1.0,D,1,1,offline,158.24
663,37.0,4069000.0,18,0.0,B,1,0,offline,199.5
664,22.0,9724000.0,1,0.0,A,0,0,offline,146.03
665,39.0,6743000.0,27,2.0,A,1,0,online,192.41
666,28.0,8659000.0,18,0.0,A,1,0,offline,159.36
667,30.0,8736000.0,7,0.0,A,1,0,offline,123.95
668,41.0,7414000.0,20,2.0,A,0,0,online,101.59
669,47.0,6041000.0,38,4.0,A,0,0,online,88.47
670,35.0,6274000.0,39,2.0,A,0,0,online,131.08
671,38.0,,16,2.0,A,1,1,online,146.49
672,52.0,4420000.0,13,0.0,D,0,0,offline,77.08
673,37.0,7832000.0,12,5.0,A,0,0,online,143.94
674,61.0,5511000.0,21,2.0,B,1,1,offline,87.98
675,41.0,9005000.0,46,0.0,B,1,0,offline,97.34
676,18.0,10218000.0,10,,,0,0,online,178.7
677,43.0,6550000.0,2,4.0,A,0,0,offline,20.0
678,39.0,7899000.0,15,,B,1,0,online,117.29
679,48.0,7749000.0,2,4.0,D,0,0,offline,85.7
680,42.0,7680000.0,22,2.0,D,0,0,online,90.13
681,34.0,7190000.0,9,,C,0,0,offline,78.03
682,23.0,9857000.0,10,3.0,A,1,0,online,171.28
683,33.0,9206000.0,10,0.0,A,1,0,online,303.48
684,,3906000.0,2,0.0,C,0,0,offline,150.62
685,29.0,8673000.0,3,4.0,D,0,0,online,39.63
686,41.0,9518000.0,23,5.0,B,0,1,online,174.61
687,52.0,,13,2.0,B,0,0,online,109.99
688,39.0,8095000.0,26,0.0,A,1,0,offline,185.69
689,23.0,8708000.0,37,0.0,,1,0,online,137.03
690,,7477000.0,40,1.0,A,1,0,online,206.79
691,47.0,,37,1.0,A,0,0,online,149.55
692,29.0,13210000.0,9,2.0,B,1,0,online,171.48
693,34.0,5335000.0,5,0.0,B,0,1,online,95.52
694,35.0,4547000.0,9,0.0,A,0,1,online,184.55
695,27.0,8760000.0,36,1.0,A,1,0,online,159.11
696,41.0,9104000.0,54,1.0,B,1,1,online,190.27
697,34.0,7423000.0,31,2.0,A,1,0,online,206.59
698,39.0,10933000.0,3,0.0,B,0,0,offline,129.3
699,26.0,4653000.0,40,2.0,A,1,0,online,151.02
700,31.0,9032000.0,20,3.0,B,1,0,online,201.42
701,42.0,5785000.0,1,1.0,B,0,0,online,151.11
702,31.0,12298000.0,5,,A,0,0,online,51.49
703,52.0,12981000.0,10,5.0,A,1,0,offline,162.66
704,31.0,6083000.0,28,2.0,A,1,1,online,126.41
705,37.0,6626000.0,8,0.0,A,0,0,online,107.09
706,44.0,8649000.0,8,3.0,D,0,0,online,82.36
707,21.0,7032000.0,15,0.0,A,0,0,online,115.77
708,18.0,6886000.0,33,1.0,C,1,0,offline,101.64
709,20.0,8063000.0,14,2.0,A,0,0,online,72.46
710,48.0,2201000.0,17,0.0,C,1,0,online,149.63
711,29.0,6965000.0,26,1.0,C,1,0,offline,213.17
712,,5576000.0,36,2.0,B,0,0,online,20.0
713,29.0,6067000.0,1,1.0,B,0,0,online,79.36
714,37.0,10909000.0,24,,,1,0,offline,226.4
715,50.0,4859000.0,12,2.0,A,1,0,offline,134.29
716,55.0,8533000.0,15,1.0,D,0,1,offline,78.97
717,56.0,6303000.0,18,2.0,C,0,0,offline,58.57
718,,5801000.0,36,1.0,D,1,0,offline,150.06
719,45.0,9976000.0,16,0.0,A,1,0,online,692.31
720,41.0,7850000.0,33,,C,1,1,online,152.04
721,43.0,7927000.0,28,4.0,D,0,0,online,79.39
722,29.0,10420000.0,29,2.0,A,1,0,offline,164.25
723,27.0,7172000.0,10,0.0,A,1,0,online,211.63
724,35.0,5469000.0,26,2.0,C,0,0,online,62.13
725,33.0,4587000.0,1,1.0,B,0,0,offline,32.76
726,30.0,4936000.0,9,1.0,C,0,0,online,178.76
727,42.0,15373000.0,17,,A,1,1,online,240.27
728,45.0,10112000.0,14,0.0,C,1,0,offline,52.37
729,,4622000.0,25,0.0,A,1,0,online,221.38
730,50.0,4694000.0,9,0.0,A,0,0,offline,161.92
731,24.0,9205000.0,13,1.0,A,1,0,online,203.54
732,33.0,8368000.0,9,2.0,C,0,1,offline,148.64
733,28.0,8372000.0,24,0.0,C,1,0,offline,259.62
734,18.0,6663000.0,10,2.0,B,1,0,online,96.74
735,34.0,6986000.0,29,0.0,B,1,0,offline,173.08
736,34.0,7320000.0,1,1.0,D,0,0,offline,170.13
737,50.0,7515000.0,5,1.0,B,0,0,online,205.53
738,41.0,2000000.0,6,3.0,C,0,0,online,64.14
739,25.0,6726000.0,20,1.0,B,1,1,offline,271.22
740,54.0,5171000.0,24,0.0,B,1,1,online,221.69
741,47.0,7738000.0,18,3.0,B,1,0,online,211.3
742,41.0,15463000.0,55,4.0,A,1,1,online,293.5
743,33.0,,13,,C,0,0,online,98.94
744,25.0,6516000.0,1,0.0,,0,0,offline,200.89
745,31.0,10305000.0,13,1.0,A,1,0,online,167.43
746,46.0,7707000.0,33,0.0,D,1,0,online,248.53
747,54.0,8350000.0,12,,B,1,0,online,255.68
748,50.0,8817000.0,11,3.0,B,1,0,online,209.18
749,30.0,11641000.0,18,3.0,D,0,0,offline,102.88
750,24.0,4473000.0,9,2.0,B,0,0,online,88.95
751,36.0,9184000.0,11,3.0,A,0,0,offline,56.11
752,18.0,4184000.0,2,2.0,D,0,0,online,34.21
753,38.0,8689000.0,5,3.0,B,0,0,online,126.1
754,34.0,5703000.0,17,1.0,,1,0,offline,89.94
755,30.0,6957000.0,14,3.0,A,1,0,online,135.31
756,19.0,6262000.0,12,,C,0,0,offline,172.68
757,40.0,9740000.0,13,5.0,B,0,1,offline,110.98
758,30.0,9596000.0,10,0.0,B,1,0,online,226.58
759,23.0,3386000.0,47,4.0,D,1,0,online,128.56
760,18.0,7137000.0,35,1.0,C,1,1,offline,167.24
761,,6226000.0,10,3.0,A,0,0,online,88.72
762,53.0,4854000.0,1,2.0,A,0,0,online,96.51
763,52.0,7457000.0,5,3.0,A,0,0,online,20.0
764,30.0,6229000.0,10,1.0,C,0,1,online,161.39
765,29.0,14067000.0,9,3.0,A,1,0,offline,188.66
766,40.0,8382000.0,48,1.0,B,0,0,online,183.85
767,,3556000.0,6,2.0,C,0,0,online,74.74
768,38.0,5088000.0,9,2.0,D,0,0,offline,230.61
769,43.0,10553000.0,19,1.0,A,1,0,online,205.63
770,47.0,12221000.0,28,2.0,C,1,0,online,189.78
771,34.0,4035000.0,15,0.0,A,1,0,offline,215.84
772,33.0,2300000.0,13,4.0,C,0,1,online,66.95
773,26.0,12677000.0,11,3.0,A,1,1,offline,227.82
774,27.0,8274000.0,28,2.0,B,0,0,offline,56.07
775,,4829000.0,9,1.0,C,0,1,online,105.56
776,39.0,9337000.0,39,2.0,A,1,0,online,256.26
777,44.0,2000000.0,30,1.0,A,0,0,online,113.3
778,27.0,7008000.0,7,4.0,C,0,0,online,20.0
779,50.0,7820000.0,37,1.0,C,1,1,offline,143.62
780,32.0,9611000.0,9,3.0,B,0,1,offline,99.17
781,35.0,4465000.0,43,4.0,C,0,0,online,113.27
782,28.0,7514000.0,14,1.0,B,1,1,online,227.42
783,18.0,5686000.0,11,0.0,A,1,0,offline,84.1
784,44.0,8638000.0,25,0.0,A,1,1,offline,216.53
785,42.0,5762000.0,6,2.0,A,0,1,online,135.49
786,32.0,5480000.0,62,3.0,D,1,0,online,93.62
787,36.0,4810000.0,7,0.0,B,1,0,online,124.78
788,40.0,8928000.0,28,2.0,B,1,0,offline,222.93
789,19.0,,20,0.0,B,1,0,online,203.44
790,30.0,5913000.0,33,0.0,D,0,0,offline,76.67
791,43.0,8096000.0,6,1.0,A,0,0,online,116.89
792,22.0,3679000.0,12,1.0,B,0,1,online,102.61
793,38.0,6551000.0,11,2.0,B,0,0,online,107.42
794,21.0,7174000.0,16,0.0,B,0,0,offline,51.07
795,40.0,14552000.0,18,,A,1,1,online,235.09
796,35.0,3720000.0,10,1.0,D,0,1,offline,136.55
797,19.0,10160000.0,12,3.0,D,0,0,online,93.14
798,47.0,9792000.0,29,2.0,B,1,1,online,167.06
799,28.0,,1,3.0,C,0,0,online,39.97
800,27.0,10897000.0,22,1.0,D,1,1,offline,228.71
801,37.0,7930000.0,1,3.0,C,0,0,online,54.78
802,46.0,8973000.0,22,2.0,A,0,0,online,155.49
803,25.0,7167000.0,39,2.0,B,1,0,online,133.34
804,36.0,10359000.0,15,1.0,B,1,0,online,413.96
805,39.0,10041000.0,12,3.0,B,1,0,offline,163.63
806,42.0,5436000.0,15,1.0,C,1,0,offline,530.54
807,37.0,3202000.0,1,3.0,,0,0,online,68.44
808,31.0,5993000.0,8,2.0,D,0,1,offline,136.58
809,27.0,,15,2.0,B,0,0,offline,66.64
810,36.0,7841000.0,16,,A,1,0,online,190.27
811,24.0,9594000.0,42,1.0,D,1,0,,151.08
812,18.0,5857000.0,7,0.0,C,0,0,offline,116.64
813,39.0,7893000.0,23,2.0,A,1,1,online,210.87
814,44.0,6645000.0,17,0.0,D,1,1,online,147.24
815,18.0,8621000.0,10,4.0,D,0,0,offline,37.82
816,25.0,2000000.0,5,3.0,B,0,0,online,60.09
817,41.0,,21,1.0,B,0,1,online,186.4
818,56.0,,13,0.0,B,0,0,online,164.07
819,35.0,11000000.0,31,1.0,A,1,1,online,195.16
820,28.0,6770000.0,41,2.0,A,1,0,online,135.08
821,33.0,2309000.0,6,0.0,C,0,0,offline,29.84
822,49.0,9549000.0,17,1.0,A,1,0,offline,156.14
823,,6412000.0,2,2.0,A,0,0,online,20.0
824,27.0,4326000.0,16,1.0,B,0,1,online,155.69
825,30.0,5739000.0,17,5.0,B,1,0,online,248.89
826,25.0,6039000.0,26,0.0,D,1,0,online,166.94
827,36.0,6488000.0,64,2.0,A,1,0,online,170.49
828,51.0,,37,0.0,A,0,0,offline,104.81
829,38.0,9243000.0,4,0.0,C,0,0,offline,80.89
830,32.0,10487000.0,33,0.0,B,1,0,online,199.51
831,32.0,,16,0.0,A,1,0,online,157.77
832,19.0,4456000.0,4,6.0,B,0,0,online,37.88
833,44.0,7496000.0,22,1.0,A,1,1,online,271.35
834,34.0,7984000.0,34,3.0,A,1,0,online,192.04
835,33.0,8797000.0,19,1.0,B,1,0,online,183.66
836,65.0,8971000.0,22,1.0,B,1,0,offline,109.31
837,,4665000.0,12,0.0,D,0,0,offline,102.71
838,27.0,7505000.0,18,1.0,B,1,0,online,190.17
839,31.0,8443000.0,14,0.0,B,1,0,offline,180.94
840,46.0,10940000.0,31,1.0,B,0,0,online,158.29
841,36.0,9761000.0,23,2.0,A,1,0,online,177.93
842,21.0,8973000.0,19,4.0,C,1,0,online,162.11
843,44.0,8210000.0,6,,A,0,0,online,180.04
844,28.0,10026000.0,10,1.0,D,0,0,offline,122.07
845,54.0,9024000.0,17,2.0,A,1,0,online,131.33
846,46.0,5147000.0,1,0.0,B,0,0,offline,50.92
847,31.0,11508000.0,14,0.0,A,1,0,online,242.53
848,48.0,,17,3.0,,0,1,online,71.78
849,36.0,6192000.0,20,0.0,B,1,0,offline,164.69
850,44.0,6101000.0,11,2.0,B,1,0,online,120.92
851,40.0,8741000.0,19,0.0,A,1,0,online,143.9
852,27.0,8158000.0,1,3.0,C,0,0,offline,112.24
853,29.0,8493000.0,60,2.0,A,1,0,online,229.1
854,45.0,7278000.0,17,2.0,D,0,0,online,25.78
855,32.0,12250000.0,32,2.0,A,1,1,online,260.25
856,31.0,10679000.0,18,1.0,A,1,0,online,212.16
857,25.0,8477000.0,13,1.0,A,1,1,online,245.27
858,39.0,9653000.0,50,1.0,B,0,0,offline,152.9
859,56.0,4719000.0,6,0.0,B,0,0,online,160.2
860,24.0,8995000.0,12,3.0,A,1,0,offline,152.08
861,35.0,11523000.0,15,1.0,C,1,0,online,164.33
862,49.0,6755000.0,9,2.0,B,0,0,online,51.2
863,34.0,5181000.0,26,1.0,B,1,0,offline,100.69
864,40.0,5670000.0,19,4.0,B,1,0,online,74.01
865,24.0,4576000.0,14,0.0,B,1,1,offline,179.77
866,39.0,5338000.0,10,2.0,B,0,1,online,102.99
867,33.0,7074000.0,10,0.0,A,1,0,online,189.03
868,45.0,4486000.0,26,1.0,A,0,0,online,55.83
869,47.0,6539000.0,19,2.0,D,0,0,online,43.94
870,61.0,8756000.0,5,1.0,D,0,0,offline,55.4
871,41.0,5031000.0,1,1.0,B,0,0,online,183.95
872,38.0,11798000.0,9,1.0,A,0,0,offline,142.43
873,37.0,8577000.0,15,1.0,B,1,0,offline,158.49
874,31.0,9876000.0,7,2.0,B,0,0,online,113.79
875,38.0,6355000.0,14,2.0,A,1,1,online,253.17
876,32.0,10136000.0,1,2.0,A,0,0,offline,51.02
877,37.0,4270000.0,20,1.0,C,0,1,offline,102.45
878,48.0,9226000.0,52,1.0,C,1,0,online,108.89
879,25.0,8430000.0,16,2.0,,1,0,online,62.89
880,46.0,,20,,A,0,0,online,110.33
881,48.0,5061000.0,8,1.0,A,0,0,online,318.63
882,34.0,4762000.0,10,3.0,C,0,0,online,23.82
883,18.0,9493000.0,6,3.0,A,0,0,offline,130.61
884,29.0,5629000.0,19,3.0,A,0,0,online,101.41
885,48.0,8158000.0,15,0.0,C,1,0,online,154.08
886,35.0,4582000.0,10,3.0,A,0,0,online,140.29
887,25.0,9120000.0,12,5.0,C,1,0,online,93.9
888,30.0,4919000.0,9,1.0,A,1,0,online,165.51
889,43.0,9381000.0,5,1.0,A,0,0,online,53.22
890,40.0,9564000.0,23,2.0,A,1,0,online,187.21
891,33.0,5258000.0,8,,C,1,0,online,104.74
892,31.0,7955000.0,28,0.0,D,1,1,online,138.71
893,31.0,7651000.0,7,3.0,C,0,0,offline,92.52
894,26.0,5953000.0,3,3.0,B,0,0,online,43.19
895,51.0,4479000.0,15,0.0,C,0,0,online,165.54
896,32.0,3093000.0,1,0.0,A,0,0,online,20.0
897,47.0,8874000.0,3,2.0,A,0,0,offline,126.53
898,50.0,2588000.0,8,2.0,D,0,0,online,172.67
899,45.0,8238000.0,22,,A,1,0,online,150.57
900,31.0,7341000.0,25,1.0,A,1,1,offline,177.64
901,39.0,9698000.0,11,2.0,A,0,0,online,134.42
902,35.0,,6,2.0,A,0,0,online,157.74
903,26.0,7176000.0,10,3.0,A,0,0,online,119.35
904,,9130000.0,19,2.0,B,1,1,online,157.91
905,23.0,8138000.0,1,2.0,B,0,0,online,53.37
906,47.0,7290000.0,32,0.0,D,0,0,offline,59.5
907,30.0,8173000.0,10,3.0,C,0,0,online,100.72
908,37.0,4161000.0,2,2.0,A,0,0,offline,105.93
909,38.0,9892000.0,15,2.0,A,1,1,online,258.36
910,32.0,8831000.0,8,0.0,B,1,0,offline,195.34
911,41.0,4758000.0,20,2.0,B,0,1,online,147.68
912,30.0,7390000.0,9,,A,1,1,online,142.44
913,44.0,7202000.0,13,3.0,B,1,0,online,560.34
914,22.0,6964000.0,18,1.0,B,0,0,offline,96.59
915,36.0,8135000.0,7,0.0,B,0,0,online,168.69
916,54.0,10878000.0,32,2.0,B,1,1,online,153.37
917,25.0,10704000.0,8,1.0,A,0,0,online,135.22
918,28.0,3219000.0,6,2.0,D,0,0,offline,87.18
919,40.0,8555000.0,20,1.0,C,1,0,offline,153.62
920,37.0,11322000.0,21,1.0,A,1,1,online,199.92
921,39.0,7467000.0,25,2.0,D,1,0,online,197.19
922,40.0,10027000.0,10,0.0,B,0,0,online,85.49
923,41.0,11531000.0,19,1.0,D,1,1,online,203.26
924,46.0,9559000.0,30,1.0,C,1,1,online,229.98
925,39.0,7923000.0,35,3.0,B,0,1,offline,229.94
926,33.0,10613000.0,72,1.0,A,1,0,online,208.89
927,42.0,8362000.0,20,0.0,A,1,0,online,177.48
928,54.0,7360000.0,7,6.0,B,0,0,online,42.39
929,34.0,6421000.0,5,2.0,B,0,0,offline,95.89
930,25.0,11909000.0,14,3.0,A,1,0,offline,629.77
931,46.0,5954000.0,7,3.0,A,0,0,offline,136.05
932,34.0,10831000.0,13,2.0,C,1,0,online,195.18
933,18.0,,30,4.0,D,0,1,online,87.92
934,43.0,3802000.0,5,3.0,B,0,0,online,98.11
935,30.0,8919000.0,7,,A,0,0,online,136.21
936,34.0,2750000.0,4,0.0,A,0,0,online,126.56
937,38.0,9564000.0,30,1.0,A,1,0,offline,753.48
938,37.0,8713000.0,17,0.0,D,1,0,offline,229.07
939,42.0,6519000.0,19,1.0,A,0,1,offline,130.45
940,31.0,7609000.0,10,1.0,B,0,1,online,116.58
941,40.0,12885000.0,33,3.0,A,1,1,online,255.09
942,32.0,6036000.0,13,0.0,B,1,1,online,238.49
943,42.0,4353000.0,27,0.0,C,0,0,online,96.46
944,41.0,10704000.0,8,2.0,C,0,0,offline,163.23
945,26.0,12906000.0,10,1.0,A,1,0,online,239.95
946,46.0,8009000.0,17,4.0,A,0,0,online,95.21
947,30.0,10529000.0,19,0.0,A,1,0,online,230.91
948,43.0,9854000.0,10,0.0,D,1,0,offline,140.44
949,39.0,4644000.0,29,3.0,D,0,0,offline,70.97
950,53.0,6087000.0,22,,B,0,0,online,31.56
951,33.0,10377000.0,10,2.0,B,1,0,offline,159.86
952,32.0,11213000.0,12,2.0,C,1,0,online,208.4
953,,9407000.0,14,1.0,A,1,0,online,219.62
954,32.0,4300000.0,7,2.0,D,0,0,offline,81.39
955,43.0,12268000.0,15,0.0,B,1,0,online,216.09
956,19.0,5973000.0,10,2.0,B,0,0,offline,91.99
957,24.0,6462000.0,14,,B,1,0,online,92.99
958,24.0,8856000.0,43,0.0,A,1,0,,198.37
959,45.0,,30,4.0,,1,1,online,224.84
960,52.0,9135000.0,24,1.0,C,0,0,offline,63.31
961,34.0,,11,5.0,A,1,0,online,65.66
962,33.0,8458000.0,13,0.0,B,1,0,offline,219.16
963,36.0,8109000.0,13,0.0,A,1,0,online,678.53
964,47.0,8695000.0,27,0.0,B,1,1,online,223.3
965,26.0,2000000.0,28,2.0,A,1,0,online,154.08
966,37.0,6558000.0,1,2.0,B,0,0,online,44.59
967,45.0,7603000.0,1,3.0,C,0,0,offline,52.47
968,40.0,5122000.0,22,4.0,A,0,0,offline,148.3
969,37.0,8266000.0,6,0.0,B,1,0,online,145.66
970,45.0,6789000.0,28,1.0,B,1,0,online,149.03
971,18.0,11389000.0,15,2.0,C,1,0,offline,131.44
972,42.0,10433000.0,35,0.0,D,1,0,online,151.26
973,28.0,5835000.0,5,1.0,C,0,0,online,132.51
974,18.0,7623000.0,6,3.0,A,1,0,online,37.38
975,40.0,7815000.0,17,1.0,A,1,0,online,154.42
976,49.0,6871000.0,47,3.0,A,0,0,online,132.87
977,34.0,7788000.0,12,1.0,B,0,0,online,189.96
978,45.0,6104000.0,16,0.0,A,1,0,online,119.46
979,51.0,4473000.0,24,2.0,B,1,0,online,73.44
980,48.0,8857000.0,47,4.0,B,1,1,online,152.67
981,51.0,9574000.0,35,3.0,,1,0,online,212.73
982,42.0,4989000.0,72,1.0,C,1,0,offline,162.98
983,36.0,10238000.0,1,1.0,A,0,0,offline,68.47
984,19.0,6421000.0,5,2.0,A,1,0,offline,147.69
985,33.0,7633000.0,12,1.0,C,0,0,online,602.84
986,27.0,9351000.0,25,1.0,B,1,0,offline,185.28
987,57.0,,17,1.0,C,1,0,offline,145.64
988,33.0,8437000.0,6,2.0,B,0,1,offline,141.03
989,36.0,6709000.0,25,3.0,A,1,0,online,172.22
990,41.0,6509000.0,5,3.0,C,0,0,offline,20.0
991,,6485000.0,12,0.0,C,0,1,offline,115.48
992,52.0,5134000.0,13,0.0,C,0,0,offline,78.21
993,29.0,7558000.0,17,0.0,A,0,1,online,145.23
994,37.0,3428000.0,18,1.0,B,0,0,online,115.39
995,28.0,6072000.0,15,1.0,B,0,1,online,104.1
996,22.0,7288000.0,10,3.0,A,0,0,online,87.46
997,29.0,5860000.0,9,3.0,D,0,0,offline,20.0
998,35.0,7396000.0,12,3.0,A,0,1,online,152.77
999,31.0,6346000.0,11,2.0,D,0,0,online,118.58
1000,28.0,8499000.0,6,5.0,B,0,0,online,63.09
